factor,seg,gross,beta,exposure_contrib,alpha,t_alpha,t_beta,expo_share_pct,n
lowvol_14d,IS,107.21614973686711,-0.5564462135121888,34.9168357113105,72.71108976036449,4.089142235480873,-49.99015754360549,32.5667689028233,2694
lowvol_14d,OOS,110.72431733493615,-0.4612839958568051,9.086113890784757,101.63820344415142,4.443250066511594,-23.27727808225776,8.206069009483857,1644
rangepos_14d,IS,149.84771823462722,-0.1553428971611492,9.747720960951487,139.24290456046623,7.818731142772929,-13.994702965433616,6.505084679159936,2653
rangepos_14d,OOS,92.38860641829358,0.07738929649629891,-1.5243710343494419,93.91297745264303,4.680321671728047,4.451957636585015,-1.6499556530247717,1644
rev_1d,IS,-17.615427897135042,0.04440646971896281,-2.7864928721675,-14.859644938080512,-0.7147032493429099,3.4112528021394413,15.81847962160881,2695
rev_1d,OOS,-42.20770419381239,-0.07371090125953629,1.4519160644030737,-43.659620258215504,-1.880427757054406,-3.6646158203033883,-3.4399313872558914,1644
mom_30d_skip1d,IS,106.9441287579004,-0.2143419933108967,13.44989683590947,93.1482215257288,4.976177179853503,-18.606505961894726,12.576564035934389,2550
mom_30d_skip1d,OOS,-67.92238106584733,-0.03896761149373367,0.7675621943619917,-68.68994326020938,-3.1704616432685895,-2.07612340299821,-1.1300578429632475,1644
lowbeta_30d,IS,79.50520510724276,-0.5615491592081535,35.23704404804282,42.10743556425955,2.1783819434798404,-47.17917540333327,44.320424053384144,2556
lowbeta_30d,OOS,-64.43401931000132,-0.5416554836958812,10.669226460561317,-75.10324577056264,-3.6751861274538697,-30.59594051702513,-16.558374869073646,1644
mom_7d,IS,80.72165748273396,-0.07916951247134084,4.967863547598394,75.81238016212504,4.3197236398472905,-7.206154222184024,6.154313108177938,2694
mom_7d,OOS,20.890707427263315,0.10004119301335716,-1.9705554097990363,22.861262837062306,1.0972262133188162,5.542361530104532,-9.432688752451593,1644
volshock_1d_14d,IS,101.83049018226697,0.01613080575892366,-1.0122033017717016,102.93169398761385,5.882761549570802,1.4790990750561528,-0.9940080814301819,2653
volshock_1d_14d,OOS,22.21069132114362,0.17486070920806743,-3.444308350513645,25.654999671657247,1.217836287088474,9.581404251027946,-15.507434238369752,1644
