,ml_ridge,ml_lasso,ml_pc1,ml_pc2,ml_pc3,ml_pc4,ml_pc5,ml_bag
ac1_42,-0.00023,,0.02163,-0.01437,0.00507,0.07356,0.07832,-0.00112
ac1_90,-0.00023,,0.02117,-0.00657,-0.01441,0.02724,0.07799,-0.00317
ac6_90,-0.00016,,0.00528,0.0172,0.00151,-0.01344,0.00904,0.00021
age_days,0.0015,,0.01027,-0.10801,-0.03973,0.01166,0.08598,0.00515
amihud_42,-0.00014,,-0.00965,0.08053,0.05144,0.01791,-0.06542,0.01069
avg_trade_42,0.00092,,0.01011,-0.08189,-0.04113,-0.01676,0.02715,0.00424
avg_trade_trend,-0.00012,,0.01973,0.01415,0.01407,0.08394,0.04741,-0.00122
beta_180,-0.00056,,-0.00039,0.15632,0.09244,0.06369,0.0726,0.00928
beta_42,-0.0007,,0.00294,0.14773,0.10104,0.10213,0.09198,-0.00161
beta_90,-0.0007,,0.00164,0.16169,0.09711,0.07301,0.08132,0.00149
dd_180,0.00124,,0.14453,-0.16772,-0.10447,-0.05814,0.03633,-0.00878
dd_90,0.00153,,0.14388,-0.19669,-0.02765,0.04153,-0.00479,0.00195
dvol_90,-0.00235,,-0.00098,0.26856,0.06856,-0.03183,-0.03913,-0.02269
er_42,-0.0004,,0.00598,0.01215,0.03009,-0.01875,0.08757,-0.00501
er_90,0.00049,,0.00234,0.02283,0.04415,0.03573,0.0545,0.00581
fund_21d,0.0008,,0.00757,-0.06685,-0.01424,0.04602,0.12154,0.00613
fund_3d,0.00045,,0.00849,-0.06258,-0.01117,0.03173,0.10093,-0.00547
fund_7d,0.00054,,0.00766,-0.06736,-0.0145,0.04418,0.12313,-0.00274
fund_chg_3d_7d,3e-05,,-0.00165,-0.00287,0.00216,-0.02649,-0.02774,0.00235
fund_std_7d,-0.00078,,0.00432,0.0679,0.00551,-0.03284,-0.09211,-0.00811
fund_x_rv,0.00027,,0.00794,-0.04087,-0.01241,0.03232,0.10927,-0.00161
gap_18,5e-05,,-0.01253,-0.00952,0.01618,0.00823,0.01117,0.00072
hl_range_18,-0.00187,,0.07996,0.24371,0.07606,0.08244,0.01876,-0.00075
idiovol_90,-0.0021,,0.05542,0.24961,0.01317,-0.08621,-0.05136,-0.0037
intrabar_18,0.0011,,0.13272,-0.10271,0.15119,0.05088,-0.13071,0.01558
max_ret_42,-0.00144,,0.09752,0.20246,0.03039,0.05145,-0.00095,0.00382
max_ret_90,-0.00165,,0.07265,0.22503,0.00111,-0.08582,-0.0309,0.00326
nt_z_18,-0.00024,,0.03697,-0.04642,0.2155,-0.15846,0.36352,0.00175
pk_42,-0.00192,,0.06803,0.25562,0.04557,0.02395,-0.00832,0.0011
pv_corr_90,-0.00128,,0.12661,0.14474,-0.07608,-0.12153,-0.01314,-0.00613
qv_trend_18_90,0.00035,,0.12589,0.01305,0.01548,0.26327,0.09947,0.00401
qv_z_18,-0.00026,,0.03568,-0.04493,0.21782,-0.16354,0.40934,0.00058
qv_z_6,-0.00039,,0.01486,-0.03243,0.15558,-0.18018,0.37208,-0.00479
qv_z_90,1e-05,,0.10579,-0.02985,0.18967,0.01921,0.39082,0.00352
r_1,-0.00082,,0.04675,-0.04015,0.14674,-0.14474,-0.11223,-0.00537
r_12,-0.00071,,0.1382,-0.05956,0.19429,-0.00425,-0.11301,-0.00346
r_18,-0.00063,,0.16129,-0.05355,0.15942,0.08522,-0.10729,-0.009
r_180,-6e-05,,0.16226,0.01304,-0.14541,-0.19268,0.0372,-0.03002
r_180_skip6,0.00024,,0.1453,0.02185,-0.19012,-0.17231,0.05606,0.02831
r_18_minus_r_90,-0.00067,,-0.15089,-0.02633,0.21812,0.13938,-0.08359,-0.00665
r_2,-0.00104,,0.06549,-0.05135,0.19675,-0.17803,-0.1086,-0.00704
r_3,-0.00118,,0.07773,-0.057,0.21798,-0.1791,-0.11432,-0.01025
r_42,-0.00058,,0.2081,-0.02512,0.00313,0.17456,-0.02467,-0.02479
r_42_skip6,-9e-05,,0.17936,-0.00714,-0.0938,0.23723,0.01882,0.0013
r_6,-0.00092,,0.10353,-0.06264,0.24273,-0.14193,-0.12667,-0.00158
r_6_minus_r_42,9e-05,,-0.17936,0.00714,0.0938,-0.23723,-0.01882,-0.00077
r_90,0.00027,,0.20937,0.00688,-0.12719,-0.08759,0.03477,-0.00509
r_90_skip6,0.00067,,0.18805,0.02007,-0.19456,-0.05709,0.06419,0.02763
rangepos_18,0.00028,,0.12388,-0.10544,0.21562,-0.05868,-0.16153,-0.0001
rangepos_180,0.00111,,0.19757,-0.06411,-0.08496,-0.09679,0.01951,0.01093
rangepos_42,0.0007,,0.1764,-0.10261,0.12267,0.07248,-0.10094,0.00448
rangepos_6,0.00023,,0.06863,-0.08914,0.21851,-0.18114,-0.17005,0.00783
rangepos_90,0.00146,,0.20822,-0.08528,0.00101,0.01813,-0.02375,0.02253
resmom_42,-0.00045,,0.20199,-0.0211,0.00267,0.16778,-0.02601,0.00366
rkurt_90,-0.00023,,0.02631,0.06273,-0.00801,-0.05567,-0.0407,0.00093
rs_18,-0.00063,,0.16129,-0.05355,0.15942,0.08522,-0.10729,-0.00678
rs_42,-0.00058,,0.2081,-0.02512,0.00313,0.17456,-0.02467,-0.02047
rs_6,-0.00092,,0.10353,-0.06264,0.24273,-0.14193,-0.12667,-0.0012
rs_90,0.00027,,0.20937,0.00688,-0.12719,-0.08759,0.03477,-0.00884
rskew_90,-0.0005,,0.09008,0.10658,-0.04509,-0.09032,0.00017,0.00085
rv_18,-0.00169,,0.0816,0.22146,0.09132,0.10785,0.04189,0.00448
rv_180,-0.00209,,0.02475,0.25584,0.05473,-0.05755,-0.04709,-0.00356
rv_42,-0.00189,,0.07334,0.25297,0.04933,0.0418,0.00441,-0.00197
rv_6,-0.00173,,0.07512,0.17391,0.13657,0.06398,0.09461,-0.00248
rv_90,-0.00237,-0.00765,0.04991,0.27295,0.03497,-0.06342,-0.03184,-0.04221
rv_ratio_18_90,8e-05,,0.07108,-0.01026,0.10415,0.28147,0.12592,-0.00136
rv_ratio_6_42,-0.00066,,0.03288,-0.02408,0.15169,0.04939,0.15146,-0.00639
tsm_180,-5e-05,,0.11203,0.00603,-0.10853,-0.16056,0.03287,-0.00374
tsm_42,0.00032,,0.14868,-0.02863,0.00721,0.1286,-0.02637,0.00197
tsm_90,0.00056,,0.15136,-0.00365,-0.09911,-0.087,0.02785,-0.00057
tsm_vol_180,0.0004,,0.17006,-0.00211,-0.14609,-0.19806,0.03017,0.00367
tsm_vol_42,0.00035,,0.21433,-0.04767,0.01043,0.15672,-0.03969,0.00683
tsm_vol_90,0.00069,,0.21627,-0.01325,-0.12417,-0.09432,0.02529,-0.00076
up_from_low_180,-0.00081,,0.15379,0.11148,-0.04263,-0.0962,-0.00029,0.00105
volofvol_90,-0.00152,,0.04071,0.20593,0.0039,-0.08588,-0.05884,0.00595
