pair,n_days,first,last,div_bp_median,div_bp_absmax,div_bp_std,ratio_median,ret_corr,te_bp_daily,te_bp_annual,beta_to_underlying,ref_us_hours,offhours_absret_%
AMDB/USD,72,2026-06-23,2026-10-02,3.0401,879.1318,121.3499,1.0003,0.9005,189.5454,3008.9403,0.9146,True,49.2929
CBRSB/USD,63,2026-07-07,2026-10-02,-10.3889,1573.6853,210.4224,0.999,0.8849,318.352,5053.682,0.833,True,46.2039
COINB/USD,63,2026-07-07,2026-10-02,7.9615,614.3784,99.6018,1.0008,0.9624,129.5814,2057.0404,0.926,True,47.7591
CRCLB/USD,79,2026-06-11,2026-10-02,3.1095,243.7301,85.1953,1.0003,0.9805,109.2522,1734.3242,0.9647,True,49.2289
GLWB/USD,63,2026-07-07,2026-10-02,13.4501,248.1968,77.6363,1.0013,0.9702,117.0208,1857.647,1.0007,True,53.1347
GOOGLB/USD,63,2026-07-07,2026-10-02,13.9552,352.1874,60.3483,1.0014,0.9079,91.2934,1449.2385,0.8666,True,47.6771
INTCB/USD,72,2026-06-23,2026-10-02,3.0669,568.6917,109.0592,1.0003,0.9504,155.6491,2470.8536,1.0304,True,52.5033
LITEB/USD,67,2026-06-30,2026-10-02,-0.1081,311.9109,82.7924,1.0,0.9748,141.561,2247.2108,1.0128,True,49.8378
METAB/USD,67,2026-06-30,2026-10-02,7.7227,974.0813,123.3714,1.0008,0.8384,182.9154,2903.6917,0.8413,True,48.0804
MSFTB/USD,67,2026-06-30,2026-10-02,8.4488,223.0292,37.7105,1.0008,0.98,55.0019,873.1283,0.8594,True,49.8955
MSTRB/USD,72,2026-06-23,2026-10-02,9.7985,452.7578,98.2197,1.001,0.9712,139.5159,2214.7466,1.0114,True,49.9594
MUB/USD,79,2026-06-11,2026-10-02,-3.3696,1367.5911,182.3398,0.9997,0.8973,253.535,4024.744,0.9325,True,53.4344
NBISB/USD,63,2026-07-07,2026-10-02,-0.9237,664.2363,169.2374,0.9999,0.9407,283.1588,4495.0065,0.9165,True,50.8304
NVDAB/USD,79,2026-06-11,2026-10-02,16.5653,450.4864,59.8913,1.0017,0.9308,87.3444,1386.5498,0.8202,True,48.8541
PLTRB/USD,67,2026-06-30,2026-10-02,-14.7529,1213.6887,157.2675,0.9985,0.8382,258.9365,4110.4895,0.6666,True,48.1336
QCOMB/USD,63,2026-07-07,2026-10-02,53.8191,648.2479,100.2737,1.0054,0.8897,149.3787,2371.3135,1.0025,True,55.2141
SKHYB/USD,56,2026-07-13,2026-10-02,-8625.638,8853.3349,82.5527,0.1374,0.1616,865.5707,13740.5092,0.1434,False,54.8016
SNDKB/USD,79,2026-06-11,2026-10-02,9.1279,1062.8587,174.7806,1.0009,0.9461,259.8207,4124.5264,0.9622,True,50.7169
SPCXB/USD,78,2026-06-12,2026-10-02,-6.8572,722.8917,117.5737,0.9993,0.953,168.5402,2675.4924,0.8467,True,46.7671
TSLAB/USD,79,2026-06-11,2026-10-02,-4.6028,401.8612,56.3984,0.9995,0.9662,85.4362,1356.2576,0.9101,True,44.8999
WDCB/USD,63,2026-07-07,2026-10-02,4.9867,1089.075,164.8375,1.0005,0.8955,251.0153,3984.7442,1.0032,True,52.9917
