pair,yahoo,note,n_1h,first_1h,last_1h,n_1d,first_1d,last_1d,is_enough,need_from,reason
AMDB/USD,AMD,AMD,5089,2023-11-03,2026-10-02,824,2023-06-22,2026-10-02,True,2024-09-11,
CBRSB/USD,CBRS,Cerebras; Yahoo 只有 2026-05-14 起 → 不够 IS,684,2026-05-14,2026-10-02,98,2026-05-14,2026-10-02,False,2024-09-11,"历史从 2026-05-14 才开始, 晚于 2024-09-11"
COINB/USD,COIN,Coinbase,5089,2023-11-03,2026-10-02,824,2023-06-22,2026-10-02,True,2024-09-11,
CRCLB/USD,CRCL,Circle; Yahoo 只有 2025-06-05 起 → 不够 IS,2327,2025-06-05,2026-10-02,334,2025-06-05,2026-10-02,False,2024-09-11,"历史从 2025-06-05 才开始, 晚于 2024-09-11"
GLWB/USD,GLW,Corning,5089,2023-11-03,2026-10-02,824,2023-06-22,2026-10-02,True,2024-09-11,
GOOGLB/USD,GOOGL,Alphabet A,5089,2023-11-03,2026-10-02,824,2023-06-22,2026-10-02,True,2024-09-11,
INTCB/USD,INTC,Intel,5089,2023-11-03,2026-10-02,824,2023-06-22,2026-10-02,True,2024-09-11,
LITEB/USD,LITE,Lumentum,5089,2023-11-03,2026-10-02,824,2023-06-22,2026-10-02,True,2024-09-11,
METAB/USD,META,Meta,5089,2023-11-03,2026-10-02,824,2023-06-22,2026-10-02,True,2024-09-11,
MSFTB/USD,MSFT,Microsoft,5089,2023-11-03,2026-10-02,824,2023-06-22,2026-10-02,True,2024-09-11,
MSTRB/USD,MSTR,MicroStrategy,5089,2023-11-03,2026-10-02,824,2023-06-22,2026-10-02,True,2024-09-11,
MUB/USD,MU,"Micron —— 特例, 不是去掉 B",5089,2023-11-03,2026-10-02,824,2023-06-22,2026-10-02,True,2024-09-11,
NBISB/USD,NBIS,Nebius; Yahoo 只有 2024-10-21 起 → IS 缺头一个月,3408,2024-10-21,2026-10-02,489,2024-10-21,2026-10-02,False,2024-09-11,"历史从 2024-10-21 才开始, 晚于 2024-09-11"
NVDAB/USD,NVDA,Nvidia,5089,2023-11-03,2026-10-02,824,2023-06-22,2026-10-02,True,2024-09-11,
PLTRB/USD,PLTR,Palantir,5089,2023-11-03,2026-10-02,824,2023-06-22,2026-10-02,True,2024-09-11,
QCOMB/USD,QCOM,Qualcomm,5089,2023-11-03,2026-10-02,824,2023-06-22,2026-10-02,True,2024-09-11,
SKHYB/USD,000660.KS,"SK 海力士 —— Yahoo 报 KRW, 需按 USDKRW 换成 USD",4368,2023-10-04,2026-10-02,798,2023-06-22,2026-10-02,True,2024-09-11,
SNDKB/USD,SNDK,SanDisk; Yahoo 只有 2025-02-24 起 → IS 缺前 5 个月,2826,2025-02-24,2026-10-02,411,2025-02-13,2026-10-02,False,2024-09-11,"历史从 2025-02-13 才开始, 晚于 2024-09-11"
SPCXB/USD,SPCX,SpaceX; Yahoo 只有 2026-06-12 起 → 不够 IS,544,2026-06-12,2026-10-02,78,2026-06-12,2026-10-02,False,2024-09-11,"历史从 2026-06-12 才开始, 晚于 2024-09-11"
TSLAB/USD,TSLA,Tesla,5089,2023-11-03,2026-10-02,824,2023-06-22,2026-10-02,True,2024-09-11,
WDCB/USD,WDC,Western Digital,5089,2023-11-03,2026-10-02,824,2023-06-22,2026-10-02,True,2024-09-11,
